date;plot;treatment;chamber;CO2;N2O;CH4;R2_CO2;R2_N2O;R2_CH4
05-08-2016;1;Kontroll;1;232.283843;416.970549;-8.343662;0.99830944;0.997056272;0.985981062
05-08-2016;1;Kontroll;2;199.325264;196.847262;-5.975459;0.998540042;0.994130292;0.99096272
05-08-2016;1;Kontroll;3;215.241914;199.215341;-11.018728;0.999706568;0.997815052;0.998571441
05-08-2016;1;Kontroll;4;212.353823;150.260402;-8.725197;0.999741317;0.997191129;0.972451558
05-08-2016;1;Kontroll;5;277.365210;359.830210;-6.546976;0.998464219;0.998809353;0.96475961
05-08-2016;2;Kontroll;1;303.779355;390.578579;-17.017670;0.999713915;0.99615767;0.999998442
05-08-2016;2;Kontroll;2;196.201531;456.882798;-5.796453;0.998317287;0.996488494;0.959447052
05-08-2016;2;Kontroll;3;162.605910;79.322752;-5.637068;0.993572051;0.994902674;0.991320646
05-08-2016;2;Kontroll;4;199.933505;395.845665;-6.194135;0.998839542;0.998645939;0.948159823
05-08-2016;2;Kontroll;5;205.259700;257.537614;-12.020716;0.999089951;0.999538733;0.989160732
06-08-2016;1;Kontroll;1;206.114362;2575.518825;-4.634521;0.911080044;0.99999349;0.999613223
06-08-2016;1;Kontroll;2;243.809777;4983.854716;;0.99885022;0.999335246;
06-08-2016;1;Kontroll;3;228.209764;3884.554221;;0.987796548;0.991960685;
06-08-2016;1;Kontroll;4;231.645819;6514.114278;6.675541;0.996149332;0.992281601;0.978633396
06-08-2016;1;Kontroll;5;298.032355;6213.961612;2.078821;0.949311888;0.944188042;0.943877327
06-08-2016;2;Kontroll;1;105.799447;697.349352;-3.974920;0.847305385;0.996802468;0.927686705
06-08-2016;2;Kontroll;2;112.934274;609.094019;;0.959186862;0.951533411;
06-08-2016;2;Kontroll;3;181.645319;3240.879669;;0.988200099;0.998128089;
06-08-2016;2;Kontroll;4;;2996.983585;-9.007457;;0.918955448;0.949894595
06-08-2016;2;Kontroll;5;344.598875;1671.826518;-3.433078;0.988742792;0.991380241;0.946622862
07-08-2016;1;Kontroll;1;202.235558;2736.005190;-3.478589;0.999907388;0.998169692;0.934996184
07-08-2016;1;Kontroll;2;198.013181;4040.146951;-1.819816;0.996214123;0.995712741;0.919824874
07-08-2016;1;Kontroll;3;194.164693;3634.298688;;0.994393339;0.999408986;
07-08-2016;1;Kontroll;4;205.834426;4393.214869;1.705041;0.996146173;0.991521628;0.986028091
07-08-2016;1;Kontroll;5;244.308358;6181.549825;;0.999917425;0.999818759;
07-08-2016;2;Kontroll;1;257.605014;1721.530439;-7.792366;0.972497707;0.982082956;0.991919021
07-08-2016;2;Kontroll;2;201.023003;1028.944447;-6.266519;0.947878364;0.958888852;0.981068944
07-08-2016;2;Kontroll;3;332.852006;4090.467453;-5.608617;0.996633733;0.995187348;0.914899293
07-08-2016;2;Kontroll;4;189.109294;3293.634913;;0.988001751;0.98838865;
07-08-2016;2;Kontroll;5;207.492952;820.462598;-4.647737;0.981089556;0.979387143;0.974916579
08-08-2016;1;Kontroll;1;118.268978;2576.315020;-2.676168;0.988795669;0.996419037;0.964594111
08-08-2016;1;Kontroll;2;124.999952;5034.976928;;0.992875726;0.985647876;
08-08-2016;1;Kontroll;3;;;;;;
08-08-2016;1;Kontroll;4;115.753588;3416.011475;37.497943;0.984896466;0.958294867;0.984720943
08-08-2016;1;Kontroll;5;117.293106;4186.737095;5.025697;0.969141771;0.957221764;0.9594689
08-08-2016;2;Kontroll;1;63.623502;651.488466;;0.963341655;0.936706203;
08-08-2016;2;Kontroll;2;;;-6.808232;;;0.940453889
08-08-2016;2;Kontroll;3;;1045.951601;;;0.892564868;
08-08-2016;2;Kontroll;4;71.557844;1482.453131;-4.361948;0.942241797;0.997806205;0.951347876
08-08-2016;2;Kontroll;5;95.124481;;-5.711119;0.858065883;;0.999620629
10-08-2016;Field 1;Vizura;1;136.921727;2856.355679;-3.701523;0.982602934;0.981429181;0.999599044
10-08-2016;Field 1;Vizura;2;112.595972;1749.956524;-5.353556;0.959487736;0.97167245;0.967358763
10-08-2016;Field 1;Vizura;3;151.337850;3090.818502;-5.046342;0.995418425;0.999936332;0.983300495
10-08-2016;Field 1;Vizura;4;104.443914;1348.153918;;0.974683216;0.953849894;
10-08-2016;Field 1;Vizura;5;150.537384;5633.888821;;0.996433276;0.987929368;
10-08-2016;Field 2;Kontroll;1;111.630834;639.369102;-8.552712;0.975137336;0.97486284;0.937794657
10-08-2016;Field 2;Kontroll;2;67.574088;161.547279;;0.962073324;0.932202438;
10-08-2016;Field 2;Kontroll;3;126.436093;1259.815303;-5.205393;0.997142506;0.989245146;0.99304282
10-08-2016;Field 2;Kontroll;4;89.340719;588.586182;;0.956200315;0.931541919;
10-08-2016;Field 2;Kontroll;5;62.331814;;-3.840120;0.938139718;;0.924261552
11-08-2016;Field 1;Vizura;1;66.445728;;1.122417;0.893635155;;0.955486167
11-08-2016;Field 1;Vizura;2;88.446803;2702.363900;-1.760624;0.959138133;0.968952977;0.970173141
11-08-2016;Field 1;Vizura;3;128.167833;1216.627329;;0.970659627;0.957710812;
11-08-2016;Field 1;Vizura;4;84.251910;2328.468552;0.731407;0.983576765;0.977205892;0.986564446
11-08-2016;Field 1;Vizura;5;53.963593;;;0.862058724;;
11-08-2016;Field 2;Kontroll;1;255.637018;2631.710541;-19.762207;0.993600895;0.99576137;0.994716739
11-08-2016;Field 2;Kontroll;2;113.139669;532.948105;-4.598269;0.97949924;0.984261553;0.943066869
11-08-2016;Field 2;Kontroll;3;127.170345;1545.925028;-5.748619;0.98133497;0.975841157;0.991017117
11-08-2016;Field 2;Kontroll;4;46.946781;434.290040;-3.997467;0.952755723;0.957397825;0.972834686
11-08-2016;Field 2;Kontroll;5;118.366480;726.146166;;0.853224445;0.992410421;
12-08-2016;Field 1;Vizura;1;81.881614;1376.614344;-1.906239;0.960439401;0.963620167;0.995582505
12-08-2016;Field 1;Vizura;2;93.586999;2239.331885;-2.536845;0.975383036;0.980710053;0.914580941
12-08-2016;Field 1;Vizura;3;128.139974;1037.908794;-6.907017;0.988331336;0.9827562;0.927193428
12-08-2016;Field 1;Vizura;4;137.515593;3834.725176;;0.998538342;0.997655167;
12-08-2016;Field 1;Vizura;5;102.186757;1517.675370;-5.005550;0.947004877;0.94041469;0.927795225
12-08-2016;Field 2;Kontroll;1;158.566868;1518.846866;-11.017562;0.996415358;0.991023789;0.990094133
12-08-2016;Field 2;Kontroll;2;174.535785;593.093486;-9.078712;0.995603715;0.996068469;0.967823224
12-08-2016;Field 2;Kontroll;3;155.734626;1992.140822;-2.575495;0.969641334;0.977874769;0.997763954
12-08-2016;Field 2;Kontroll;4;143.696011;1121.765173;-7.171441;0.960995255;0.956102215;1
12-08-2016;Field 2;Kontroll;5;149.787173;1060.245636;;0.956596261;0.945900302;
15-08-2016;Field 1;Vizura;1;55.966964;2793.253408;;0.914120663;0.955676968;
15-08-2016;Field 1;Vizura;2;51.771100;;-2.416330;0.838041172;;0.977960345
15-08-2016;Field 1;Vizura;3;93.826895;1020.711282;-4.995796;0.956682835;0.953564529;0.996579286
15-08-2016;Field 1;Vizura;4;96.352121;4103.364128;7.382639;0.978618307;0.968781279;0.969792667
15-08-2016;Field 1;Vizura;5;;;-1.911358;;;0.919816265
15-08-2016;Field 2;Kontroll;1;156.788440;2889.237469;-5.093962;0.990459158;0.989165861;0.999957888
15-08-2016;Field 2;Kontroll;2;157.691709;1845.339439;-7.345129;0.999216142;0.998858445;0.995810429
15-08-2016;Field 2;Kontroll;3;136.870293;2586.466093;;0.949602112;0.932034251;
15-08-2016;Field 2;Kontroll;4;89.769734;1434.893174;;0.953646658;0.934690981;
15-08-2016;Field 2;Kontroll;5;285.853368;6433.276588;-10.947457;0.993125382;0.99603147;0.989481376
18-08-2016;Field 1;Vizura;1;;;2.476537;;;0.999978743
18-08-2016;Field 1;Vizura;2;48.855243;1485.365753;-1.347043;0.999931894;0.999897912;0.992386147
18-08-2016;Field 1;Vizura;3;54.747668;1768.614145;;0.967641435;0.942280551;
18-08-2016;Field 1;Vizura;4;52.525770;1294.560507;9.057991;0.995682513;0.995689097;0.998712914
18-08-2016;Field 1;Vizura;5;45.638540;;;0.920295717;#DIV/0!;
18-08-2016;Field 2;Kontroll;1;74.167397;4803.569937;;0.981208243;0.965269954;
18-08-2016;Field 2;Kontroll;2;35.428808;;;0.902460499;#DIV/0!;
18-08-2016;Field 2;Kontroll;3;74.066599;1842.324925;-6.769993;0.956757486;0.961607312;0.988021768
18-08-2016;Field 2;Kontroll;4;135.111445;3742.252916;-2.253256;0.998166184;0.995462752;0.951757418
18-08-2016;Field 2;Kontroll;5;118.758946;4246.022966;-9.150221;0.999592291;0.986648698;0.941364564
19-08-2016;Field 1;Vizura;1;;;;;;
19-08-2016;Field 1;Vizura;2;66.508884;3607.174841;0.993227;0.962131087;0.971351731;0.912718487
19-08-2016;Field 1;Vizura;3;73.786800;1873.800045;;0.987588412;0.957402366;
19-08-2016;Field 1;Vizura;4;46.583220;1103.756181;15.013022;0.91569604;0.999440848;0.996947791
19-08-2016;Field 1;Vizura;5;50.568146;1870.304932;-0.659026;0.883834623;0.999747167;0.941394361
19-08-2016;Field 2;Kontroll;1;91.545058;3814.401356;-3.193005;0.99804404;0.990880207;0.982049706
19-08-2016;Field 2;Kontroll;2;59.564021;744.079219;-2.897770;0.994291238;0.9812837;0.984222407
19-08-2016;Field 2;Kontroll;3;71.003040;1202.847971;-5.002575;0.993615159;0.987160197;0.921892248
19-08-2016;Field 2;Kontroll;4;105.997214;2090.804694;-5.312516;0.996077404;0.995890326;0.997498857
19-08-2016;Field 2;Kontroll;5;136.644124;2933.112474;-11.110083;0.99781198;0.997176368;0.984985197
22-08-2016;Field 1;Vizura;1;80.657357;3325.273766;-2.025450;0.996544307;0.99390116;0.95959888
22-08-2016;Field 1;Vizura;2;126.388298;4907.284005;-2.074402;0.995300394;0.994485443;0.916972618
22-08-2016;Field 1;Vizura;3;108.244881;2148.700388;-8.974424;0.930750029;0.918000055;0.998850179
22-08-2016;Field 1;Vizura;4;98.698160;2480.180272;15.095067;0.874889367;0.999379577;0.952393301
22-08-2016;Field 1;Vizura;5;123.401567;2723.101556;-3.380275;0.994054899;0.985830205;0.986118999
22-08-2016;Field 2;Kontroll;1;148.405772;2859.626223;-9.489118;0.995966125;0.996684725;0.990586841
22-08-2016;Field 2;Kontroll;2;137.481654;953.989901;-9.839546;0.999674067;0.99822757;0.982913238
22-08-2016;Field 2;Kontroll;3;133.489535;1798.380031;;0.995203462;0.988795888;
22-08-2016;Field 2;Kontroll;4;69.578221;887.089933;-2.120737;0.952904726;0.955748798;0.998807946
22-08-2016;Field 2;Kontroll;5;149.679399;1662.073755;;0.970994754;0.976801006;
26-08-2016;Field 1;Vizura;1;;;6.406220;;;0.916746317
26-08-2016;Field 1;Vizura;2;137.128250;4117.622928;-13.049536;0.99176042;0.986101394;0.955400094
26-08-2016;Field 1;Vizura;3;85.409297;815.396690;;0.987960824;0.99792142;
26-08-2016;Field 1;Vizura;4;134.646013;2449.468663;11.238629;0.993440363;0.989982205;0.976052645
26-08-2016;Field 1;Vizura;5;104.070007;1356.878089;;0.959089366;0.946327021;
26-08-2016;Field 2;Kontroll;1;148.504014;2413.336612;;0.992903008;0.983185142;
26-08-2016;Field 2;Kontroll;2;87.422102;343.446408;-2.596298;0.955434939;0.93634109;0.813911432
26-08-2016;Field 2;Kontroll;3;89.973191;1338.720255;;0.929476805;0.939593311;
26-08-2016;Field 2;Kontroll;4;64.417022;431.106797;-4.239594;0.94803639;0.914563171;0.961832963
26-08-2016;Field 2;Kontroll;5;188.686547;1528.544531;-1.355753;0.92258862;0.94805644;0.967757391
29-08-2016;Field 1;Vizura;1;79.055980;520.023283;1.732472;0.998618272;0.989729175;0.998825774
29-08-2016;Field 1;Vizura;2;65.951291;784.092743;-1.750172;0.995868614;0.987945829;0.942289469
29-08-2016;Field 1;Vizura;3;81.530613;585.247310;-4.851424;0.999943408;0.999981516;0.925537131
29-08-2016;Field 1;Vizura;4;53.329536;618.730976;-3.769283;0.912998891;0.990643623;0.998472847
29-08-2016;Field 1;Vizura;5;92.870725;743.991508;;0.993305074;0.984817843;
29-08-2016;Field 2;Kontroll;1;94.793882;798.780031;-8.583303;0.994280906;0.993956067;0.907250773
29-08-2016;Field 2;Kontroll;2;84.357161;413.432160;-21.737462;0.983247083;0.998751866;0.997657481
29-08-2016;Field 2;Kontroll;3;106.336983;1004.418130;;0.982322524;0.98993001;
29-08-2016;Field 2;Kontroll;4;88.145583;791.537302;;0.939032888;0.980671255;
29-08-2016;Field 2;Kontroll;5;103.787576;491.507085;-11.796465;0.994491035;0.999528964;0.995391713
05-09-2016;Field 1;Vizura;1;72.206278;1837.793285;-12.011264;0.992596014;0.914327876;0.908811415
05-09-2016;Field 1;Vizura;2;69.562964;1483.139262;-3.366546;0.997737346;0.959597678;0.983679988
05-09-2016;Field 1;Vizura;3;70.220072;759.175730;-4.346190;0.994953649;0.978648349;0.964860077
05-09-2016;Field 1;Vizura;4;66.870669;973.737003;;0.988285005;0.967467463;
05-09-2016;Field 1;Vizura;5;80.682788;1273.050121;;0.958699271;0.949361492;
05-09-2016;Field 2;Kontroll;1;67.789517;520.838919;;0.946289915;0.917051568;
05-09-2016;Field 2;Kontroll;2;57.945432;440.121483;;0.933764506;0.969742139;
05-09-2016;Field 2;Kontroll;3;108.025730;610.710210;-11.848025;0.995183276;0.997687179;0.982004074
05-09-2016;Field 2;Kontroll;4;85.146337;902.594510;-6.427269;0.996726766;0.996294102;0.78470975
05-09-2016;Field 2;Kontroll;5;140.877613;1217.726193;-6.252447;0.998675121;0.993566019;0.968783096
12-09-2016;Field 1;Vizura;1;106.313288;356.483816;;0.986229541;0.98632777;
12-09-2016;Field 1;Vizura;2;94.587732;296.745938;;0.989559017;0.989377544;
12-09-2016;Field 1;Vizura;3;62.368099;98.740025;-4.491305;0.930180638;0.942086283;0.944045884
12-09-2016;Field 1;Vizura;4;80.572681;146.363625;-3.064688;0.976159606;0.981701669;0.994380195
12-09-2016;Field 1;Vizura;5;113.180494;383.589258;-17.619892;0.996963911;0.996084519;0.967325396
12-09-2016;Field 2;Kontroll;1;109.866070;245.994128;;0.995027025;0.995923904;
12-09-2016;Field 2;Kontroll;2;120.269409;94.558634;;0.995783137;0.996976304;
12-09-2016;Field 2;Kontroll;3;131.424288;437.613356;-11.895861;0.999243395;0.999165558;0.998912733
12-09-2016;Field 2;Kontroll;4;122.333616;394.637274;-8.747613;0.999798308;0.999396424;0.958586614
12-09-2016;Field 2;Kontroll;5;151.598137;255.647516;-13.765068;0.999454639;0.999078532;0.940835096
17-09-2016;Field 1;Vizura;1;90.895669;164.793755;-3.866898;0.988687633;0.996121328;0.995901639
17-09-2016;Field 1;Vizura;2;58.946919;124.496391;-3.755242;0.943280126;0.956102642;0.994072191
17-09-2016;Field 1;Vizura;3;53.814118;96.751157;;0.989524197;0.994634945;
17-09-2016;Field 1;Vizura;4;72.390851;138.473755;;0.993304367;0.996682302;
17-09-2016;Field 1;Vizura;5;100.915555;263.837812;-9.363557;0.996122615;0.997091129;0.975960356
17-09-2016;Field 2;Kontroll;1;86.718207;156.283556;-10.549207;0.982063581;0.982938319;0.996566751
17-09-2016;Field 2;Kontroll;2;71.379948;34.589514;-6.899625;0.993130943;0.985333376;0.948324756
17-09-2016;Field 2;Kontroll;3;75.992987;154.293201;;0.999269232;0.999272181;
17-09-2016;Field 2;Kontroll;4;76.109570;164.198477;-6.692415;0.996239445;0.997140873;0.983202291
17-09-2016;Field 2;Kontroll;5;113.059958;110.840890;-12.125291;0.999330787;0.99924691;0.99980921
22-09-2016;Field 1;Vizura;1;73.431833;72.361979;-10.612590;0.98966431;0.989273036;0.953645731
22-09-2016;Field 1;Vizura;2;28.855674;21.433058;-8.136809;0.909051431;0.950878953;0.943723121
22-09-2016;Field 1;Vizura;3;30.496833;36.074585;-6.286958;0.995807659;0.980446029;0.984139042
22-09-2016;Field 1;Vizura;4;46.857870;49.520329;-5.296018;0.984115303;0.932917916;0.911777593
22-09-2016;Field 1;Vizura;5;69.653630;70.582193;;0.973768358;0.999856969;
22-09-2016;Field 2;Kontroll;1;69.439948;37.465964;-10.314523;0.978089175;0.995531461;0.975757149
22-09-2016;Field 2;Kontroll;2;52.485351;15.391264;-11.041143;0.965032691;0.955547768;0.999471399
22-09-2016;Field 2;Kontroll;3;62.136987;75.684169;-11.137231;0.99961659;0.998150435;0.996426822
22-09-2016;Field 2;Kontroll;4;37.726565;40.264298;;0.939937545;0.961000175;
22-09-2016;Field 2;Kontroll;5;88.391393;46.732081;;0.987674758;0.969304355;
29-09-2016;Field 1;Vizura;0;;30.254529;;;0.992913528;
29-09-2016;Field 1;Vizura;0;53.998656;7.283141;;0.872446561;0.999208476;
29-09-2016;Field 1;Vizura;0;25.720098;12.927711;-11.792342;0.947132807;0.997115592;0.997706484
29-09-2016;Field 1;Vizura;0;29.127129;;-5.686324;0.986455549;;0.998522946
29-09-2016;Field 1;Vizura;0;;;41.327240;;;0.998032787
29-09-2016;Field 2;Kontroll;1;31.215134;;2.616290;0.928388216;;0.991096508
29-09-2016;Field 2;Kontroll;2;;18.001065;-3.468625;;0.92507427;0.997664863
29-09-2016;Field 2;Kontroll;3;;;14.386659;;;0.974963053
29-09-2016;Field 2;Kontroll;4;33.054378;24.077482;;0.955665243;0.997829891;
29-09-2016;Field 2;Kontroll;5;76.453680;12.363303;;0.951901832;0.966896694;
06-10-2016;Field 1;Vizura;1;55.571621;19.414428;-4.657629;0.974223111;0.997556731;0.999529361
06-10-2016;Field 1;Vizura;2;14.169778;;;0.858481513;;
06-10-2016;Field 1;Vizura;3;7.647988;;4.476257;0.956437768;;0.991202585
06-10-2016;Field 1;Vizura;4;28.928489;15.088607;;0.942633989;0.996181219;
06-10-2016;Field 1;Vizura;5;29.135578;9.422908;-12.864178;0.90326216;0.999912883;0.991701622
06-10-2016;Field 2;Kontroll;1;34.966041;14.841407;;0.914282762;0.928915189;
06-10-2016;Field 2;Kontroll;2;28.671137;15.475806;-1.849861;0.945341464;0.985265499;0.965826771
06-10-2016;Field 2;Kontroll;3;24.572773;4.017047;-10.534771;0.980338182;0.974659398;0.999297661
06-10-2016;Field 2;Kontroll;4;;;43.212014;;;0.999793944
06-10-2016;Field 2;Kontroll;5;54.043832;;;0.982608214;;
13-10-2016;Field 1;Vizura;1;39.557002;4.540038;;0.98983949;0.977615541;
13-10-2016;Field 1;Vizura;2;13.392952;-2.104346;-5.157834;0.83367934;0.999997776;0.998684528
13-10-2016;Field 1;Vizura;3;16.166043;;;0.999586292;;
13-10-2016;Field 1;Vizura;4;17.324856;;-6.955559;0.883098323;;0.931934243
13-10-2016;Field 1;Vizura;5;47.678226;4.455226;-7.612287;0.993738718;0.999012316;0.912384308
13-10-2016;Field 2;Kontroll;1;30.676577;5.171287;-7.477704;0.998633024;0.948265721;0.930687759
13-10-2016;Field 2;Kontroll;2;22.340556;;-5.453711;0.999619349;#DIV/0!;0.956145426
13-10-2016;Field 2;Kontroll;3;16.615088;4.962168;-7.525223;0.978316407;0.942656754;0.945379452
13-10-2016;Field 2;Kontroll;4;22.618514;1.241592;;0.987112403;0.990041926;
13-10-2016;Field 2;Kontroll;5;38.756626;;-14.625089;0.997645891;;0.980739598
20-10-2016;Field 1;Vizura;1;12.537706;3.462952;-7.336497;0.942456235;0.990465227;0.881310309
20-10-2016;Field 1;Vizura;2;-3.505685;4.205105;-2.758011;0.992675071;0.999988982;0.986369367
20-10-2016;Field 1;Vizura;3;;;;;;
20-10-2016;Field 1;Vizura;4;6.462372;;-3.584845;0.866295452;;0.98423286
20-10-2016;Field 1;Vizura;5;;-1.936587;;;0.986471808;
20-10-2016;Field 2;Kontroll;1;25.672319;1.883946;-24.757948;0.916456721;0.965811458;0.98371401
20-10-2016;Field 2;Kontroll;2;;-2.953588;-16.089146;;0.996615824;0.956955489
20-10-2016;Field 2;Kontroll;3;2.915967;;-17.462622;0.998545296;;0.990988862
20-10-2016;Field 2;Kontroll;4;6.594858;;-16.912728;0.880421218;;0.989462271
20-10-2016;Field 2;Kontroll;5;;5.088854;-19.910581;;0.847564875;0.967443316
27-10-2016;Field 1;Vizura;1;33.151033;;-3.997998;0.998320113;;0.995616448
27-10-2016;Field 1;Vizura;2;24.293494;;-7.832337;0.957936091;;0.987453081
27-10-2016;Field 1;Vizura;3;11.295707;-2.408697;-2.900782;0.964574106;0.999575824;0.97208715
27-10-2016;Field 1;Vizura;4;;-0.735181;;;0.968885626;
27-10-2016;Field 1;Vizura;5;46.111673;3.676650;-8.472671;0.977724604;0.999997566;0.998495367
27-10-2016;Field 2;Kontroll;1;16.586646;3.909600;;0.947336415;0.964751704;
27-10-2016;Field 2;Kontroll;2;11.694681;;-0.658680;0.976247663;;0.999885481
27-10-2016;Field 2;Kontroll;3;17.512716;4.330208;-2.471118;0.980790046;0.971334527;0.908121152
27-10-2016;Field 2;Kontroll;4;17.385966;6.038644;-2.677316;0.998715496;0.999099486;0.454536897
27-10-2016;Field 2;Kontroll;5;29.337225;;-4.824487;0.999940356;;0.924979548
05-11-2016;Field 1;Vizura;1;17.143786;71.036662;-1.315624;0.988045931;0.996443971;0.999994316
05-11-2016;Field 1;Vizura;2;13.938814;5.651403;-1.820186;0.9979066;0.99509801;0.999421117
05-11-2016;Field 1;Vizura;3;3.581768;12.085009;-14.050841;0.908589576;0.983374603;0.963077302
05-11-2016;Field 1;Vizura;4;8.681342;137.940598;-2.122499;0.983891231;0.999595401;0.950910995
05-11-2016;Field 1;Vizura;5;16.317074;23.170631;;0.985503184;0.994432747;
05-11-2016;Field 2;Kontroll;1;16.679344;22.331431;-4.060763;0.993797061;0.997331388;0.983593939
05-11-2016;Field 2;Kontroll;2;9.698250;9.642753;-1.156590;0.979117515;0.960653007;0.998575339
05-11-2016;Field 2;Kontroll;3;13.661875;15.567471;-3.066556;0.989369766;0.958426553;0.996153633
05-11-2016;Field 2;Kontroll;4;11.402137;9.034864;-4.843668;0.912821669;0.971919481;0.998054486
05-11-2016;Field 2;Kontroll;5;18.128217;8.660220;-4.841376;0.998525143;0.906920271;0.976720111
10-11-2016;Field 1;Vizura;1;11.365677;10.919617;-2.810792;0.953315548;0.917530048;0.905759369
10-11-2016;Field 1;Vizura;2;7.781881;;-2.238537;0.961235552;;0.9764197
10-11-2016;Field 1;Vizura;3;6.082405;30.674357;;0.878445621;0.999839024;
10-11-2016;Field 1;Vizura;4;6.821940;26.209835;-3.080243;0.976240391;0.950008677;0.990989536
10-11-2016;Field 1;Vizura;5;8.025162;93.623067;;0.98274917;0.995317299;
10-11-2016;Field 2;Kontroll;1;10.846255;27.194776;-5.069983;0.986020031;0.993578793;0.914585461
10-11-2016;Field 2;Kontroll;2;6.007055;31.374953;-6.378659;0.834349123;0.995807105;0.982773964
10-11-2016;Field 2;Kontroll;3;9.671912;55.632059;-3.707823;0.979162995;0.999188074;0.967223213
10-11-2016;Field 2;Kontroll;4;9.198626;45.609339;-5.098303;0.843412367;0.985551099;0.994112236
10-11-2016;Field 2;Kontroll;5;12.021972;19.720202;-5.038396;0.940620987;0.95322397;0.996734412
17-11-2016;Field 1;Vizura;1;12.615854;1.058833;11.068631;0.965746386;0.992951749;0.971202375
17-11-2016;Field 1;Vizura;2;13.258984;;-3.582417;0.983638555;;0.968995791
17-11-2016;Field 1;Vizura;3;;;;;;
17-11-2016;Field 1;Vizura;4;7.746834;1.300019;;0.892644741;0.998663171;
17-11-2016;Field 1;Vizura;5;14.094436;3.416859;-1.148664;0.958812885;0.996776655;0.974962545
17-11-2016;Field 2;Kontroll;1;8.813026;72.860661;;0.95591332;0.998452233;
17-11-2016;Field 2;Kontroll;2;7.006797;20.892087;;0.996392098;0.992983187;
17-11-2016;Field 2;Kontroll;3;6.969550;;-1.474599;0.931682906;;0.99649961
17-11-2016;Field 2;Kontroll;4;9.558213;;-2.514511;0.947053458;;0.984066293
17-11-2016;Field 2;Kontroll;5;12.121590;9.098970;8.069473;0.996251614;0.903547508;0.976161301
24-11-2016;Field 1;Vizura;1;9.866764;36.432524;;0.982554882;0.931702002;
24-11-2016;Field 1;Vizura;2;14.479067;172.711283;2.404985;0.983075127;0.943382626;0.928884671
24-11-2016;Field 1;Vizura;3;13.144717;;-4.979299;0.934587468;;0.970079425
24-11-2016;Field 1;Vizura;4;;4.589012;-8.151544;;0.973425587;0.974726788
24-11-2016;Field 1;Vizura;5;;;;;;
24-11-2016;Field 2;Kontroll;1;12.372692;;;0.946176887;;
24-11-2016;Field 2;Kontroll;2;8.795415;;-3.359764;0.911834973;;0.900141818
24-11-2016;Field 2;Kontroll;3;11.675245;129.911048;-2.209374;0.984646666;0.997925576;0.976872108
24-11-2016;Field 2;Kontroll;4;6.962966;43.720829;-4.460352;0.823652329;0.999222888;0.98272524
24-11-2016;Field 2;Kontroll;5;21.448364;98.566439;;0.995641552;0.996191689;
29-11-2016;Field 1;Vizura;1;15.551623;401.931212;;0.982686287;0.997588276;
29-11-2016;Field 1;Vizura;2;11.034827;191.697858;-8.876772;0.92920888;0.989750458;0.749769883
29-11-2016;Field 1;Vizura;3;15.759178;37.115131;-5.211060;0.95469301;0.933585427;0.998762082
29-11-2016;Field 1;Vizura;4;5.723951;362.556225;-3.954032;0.999757934;0.975055941;0.909259931
29-11-2016;Field 1;Vizura;5;9.777808;141.378233;-5.931741;0.992962042;0.951755813;0.998437041
29-11-2016;Field 2;Kontroll;1;25.052315;302.132595;-8.150651;0.982947908;0.992068347;0.998850899
29-11-2016;Field 2;Kontroll;2;14.535556;187.922007;-4.620017;0.982997455;0.987563439;0.973202846
29-11-2016;Field 2;Kontroll;3;9.044173;46.614753;;0.999274772;0.996129623;
29-11-2016;Field 2;Kontroll;4;;;;;;
29-11-2016;Field 2;Kontroll;5;14.839068;36.086101;-5.967613;0.993273926;0.996578658;0.999674346
23-12-2016;Field 1;Vizura;1;8.756673;1084.201705;;0.873103916;0.99340364;
23-12-2016;Field 1;Vizura;2;15.677185;1542.533415;0.928579;0.973885801;0.98876559;0.907615854
23-12-2016;Field 1;Vizura;3;6.865676;376.576378;-0.660044;0.997437931;0.960350719;0.060129421
23-12-2016;Field 1;Vizura;4;5.507672;566.361748;-2.835295;0.913180017;0.988485929;0.269600659
23-12-2016;Field 1;Vizura;5;21.902365;592.208075;0.597346;0.994197391;0.987480641;0.966450021
23-12-2016;Field 2;Kontroll;1;13.277045;653.918474;5.184621;0.999237103;0.998261271;0.984903599
23-12-2016;Field 2;Kontroll;2;4.269611;229.051424;-2.159708;0.935636496;0.994218105;0.952605055
23-12-2016;Field 2;Kontroll;3;2.543575;391.670722;;0.984182519;0.9807969;
23-12-2016;Field 2;Kontroll;4;;263.008001;;;0.988783743;
23-12-2016;Field 2;Kontroll;5;16.225234;397.332034;-4.966436;0.965840568;0.966764432;0.937465087
09-01-2017;Field 1;Vizura;1;;;-2.036819;;;0.940183952
09-01-2017;Field 1;Vizura;2;-2.745562;-36.546550;-1.611715;0.954476999;0.994784413;0.906637185
09-01-2017;Field 1;Vizura;3;-1.066173;16.153290;;0.867192011;0.914025941;
09-01-2017;Field 1;Vizura;4;-4.772293;;-10.595390;0.813418689;;0.969639585
09-01-2017;Field 1;Vizura;5;;17.422508;;;0.907520127;
09-01-2017;Field 2;Kontroll;1;9.183390;119.417944;-2.711349;0.894200413;0.997959021;0.909628684
09-01-2017;Field 2;Kontroll;2;11.852214;182.750556;-6.792291;0.971210353;0.987755255;0.99777696
09-01-2017;Field 2;Kontroll;3;0.000000;14.609004;-0.944021;;0.999310868;0.844017142
09-01-2017;Field 2;Kontroll;4;3.757184;98.393374;;0.62634464;0.99803622;
09-01-2017;Field 2;Kontroll;5;;;;;;
19-01-2017;Field 1;Vizura;1;10.548035;316.353719;4.969928;0.865572576;0.99597066;0.979294136
19-01-2017;Field 1;Vizura;2;13.807883;553.651366;-2.785592;0.998369316;0.979584373;0.975823971
19-01-2017;Field 1;Vizura;3;2.014285;;0.316203;0.99984194;;0.973518932
19-01-2017;Field 1;Vizura;4;8.986352;536.083128;;0.980383974;0.999242514;
19-01-2017;Field 1;Vizura;5;10.316966;388.901857;;0.921012632;0.969004218;
19-01-2017;Field 2;Kontroll;1;7.592052;448.272291;-1.040224;0.96904948;0.983825896;0.994570598
19-01-2017;Field 2;Kontroll;2;;469.510272;;;0.995691059;
19-01-2017;Field 2;Kontroll;3;;410.024091;;;0.994959796;
19-01-2017;Field 2;Kontroll;4;15.893943;997.764412;-6.852713;0.93116318;0.928989955;0.999877941
19-01-2017;Field 2;Kontroll;5;14.147196;556.040255;-4.337763;0.963612818;0.98754404;0.969261211
27-01-2017;Field 1;Vizura;1;11.372893;82.630917;0.469995;0.984946984;0.988970397;0.996753498
27-01-2017;Field 1;Vizura;2;11.945688;150.247907;-1.019819;0.954461476;0.992647768;0.99999329
27-01-2017;Field 1;Vizura;3;5.930424;164.051424;-2.226205;0.935719833;0.956390188;0.999938421
27-01-2017;Field 1;Vizura;4;3.290549;135.047644;;0.974913631;0.999136217;
27-01-2017;Field 1;Vizura;5;12.622240;62.794871;;0.998264463;0.991109535;
27-01-2017;Field 2;Kontroll;1;8.771965;256.963507;0.349444;0.996875408;0.999577374;0.984564575
27-01-2017;Field 2;Kontroll;2;;175.574708;;;0.998525639;
27-01-2017;Field 2;Kontroll;3;3.027034;225.350553;1.210767;0.995640286;0.99636503;0.995598961
27-01-2017;Field 2;Kontroll;4;;166.974034;;;0.998018421;
27-01-2017;Field 2;Kontroll;5;10.463841;272.620099;-10.627795;0.997817836;0.997722524;0.996266851
03-02-2017;Field 1;Vizura;1;0.699584;10.352843;-2.002447;0.983132429;0.949667163;0.999930072
03-02-2017;Field 1;Vizura;2;;;;;;
03-02-2017;Field 1;Vizura;3;-0.238087;60.496918;0.702903;0.969990829;0.921830272;0.945027419
03-02-2017;Field 1;Vizura;4;;16.789162;;;0.972146101;
03-02-2017;Field 1;Vizura;5;6.588390;15.429663;-0.411791;0.988057168;0.968314053;0.938216245
03-02-2017;Field 2;Kontroll;1;4.399912;;0.580852;0.94867498;;0.970668527
03-02-2017;Field 2;Kontroll;2;;;;;;
03-02-2017;Field 2;Kontroll;3;1.658597;16.654768;-0.256664;0.979306815;0.98516188;0.91044256
03-02-2017;Field 2;Kontroll;4;1.552966;12.931619;0.279074;0.92539427;0.999442087;0.851585613
03-02-2017;Field 2;Kontroll;5;1.885349;15.570007;;0.95034321;0.994327093;
10-02-2017;Field 1;Vizura;1;0.502744;4.457154;6.084455;0.990272322;0.988251115;0.925365987
10-02-2017;Field 1;Vizura;2;;;4.982190;;;0.918611433
10-02-2017;Field 1;Vizura;3;3.751557;134.464248;2.838872;0.92053803;0.951461642;0.927788203
10-02-2017;Field 1;Vizura;4;3.740157;138.491213;6.110687;0.995087806;0.948459852;0.935412269
10-02-2017;Field 1;Vizura;5;1.955158;;;0.632907241;;
10-02-2017;Field 2;Kontroll;1;0.261377;4.148343;27.011763;0.999502058;0.909257661;0.997225987
10-02-2017;Field 2;Kontroll;2;-1.306759;-3.547788;;0.995059528;0.829550643;
10-02-2017;Field 2;Kontroll;3;1.591731;1.625584;18.793080;0.817686813;0.95864083;0.999176656
10-02-2017;Field 2;Kontroll;4;-2.315560;;8.162483;0.909509881;;0.998666059
10-02-2017;Field 2;Kontroll;5;-9.822342;;;0.933157215;;
17-02-2017;Field 1;Vizura;1;5.849158;23.286662;;0.844687825;0.908034576;
17-02-2017;Field 1;Vizura;2;7.731539;;-0.725119;0.877276511;;0.787708032
17-02-2017;Field 1;Vizura;3;;10.189665;-2.695289;;0.999538042;0.975204979
17-02-2017;Field 1;Vizura;4;;10.563054;;;0.927141777;
17-02-2017;Field 1;Vizura;5;11.623378;37.818883;-1.012785;0.995709114;0.99377408;0.985823157
17-02-2017;Field 2;Kontroll;1;5.380387;54.398379;-0.366827;0.850972681;0.997014449;0.839603998
17-02-2017;Field 2;Kontroll;2;;19.085772;-0.268189;;0.970029088;0.921257222
17-02-2017;Field 2;Kontroll;3;1.895706;23.795273;;0.813624982;0.914889594;
17-02-2017;Field 2;Kontroll;4;;27.092781;;;0.994340024;
17-02-2017;Field 2;Kontroll;5;5.660975;36.487108;0.680703;0.982615106;0.966398103;0.832897126
03-03-2017;Field 1;Vizura;1;10.662673;65.475292;;0.990707776;0.979691666;
03-03-2017;Field 1;Vizura;2;12.890815;39.270565;-1.509055;0.972415575;0.911137006;0.999841844
03-03-2017;Field 1;Vizura;3;4.323486;213.390869;;0.926230559;0.998088805;
03-03-2017;Field 1;Vizura;4;2.528640;59.257477;-1.226613;0.829380843;0.997686632;0.993290927
03-03-2017;Field 1;Vizura;5;8.698748;29.123866;-8.077625;0.88993841;0.951437095;0.961427768
03-03-2017;Field 2;Kontroll;1;5.187356;87.840689;;0.910686312;0.991802292;
03-03-2017;Field 2;Kontroll;2;7.322731;38.791633;5.607895;0.96933356;0.987996143;0.960487673
03-03-2017;Field 2;Kontroll;3;0.716771;14.836051;0.954148;0.983389735;0.926709038;0.820621789
03-03-2017;Field 2;Kontroll;4;9.174497;50.204800;0.838113;0.92809429;0.984877401;0.920097168
03-03-2017;Field 2;Kontroll;5;9.415117;60.904485;;0.991891502;0.999543432;
10-03-2017;Field 1;Vizura;1;10.437145;85.124106;2.787589;0.883566457;0.998372216;0.960042712
10-03-2017;Field 1;Vizura;2;5.878593;24.288562;;0.949035369;0.869810138;
10-03-2017;Field 1;Vizura;3;2.834307;31.684559;-0.721929;0.970508038;0.984975124;0.993568113
10-03-2017;Field 1;Vizura;4;2.400328;45.025185;;0.894417613;0.997079362;
10-03-2017;Field 1;Vizura;5;8.686384;55.397408;0.622015;0.986863041;0.993860862;0.837749891
10-03-2017;Field 2;Kontroll;1;3.848226;110.379462;-1.026197;0.943838071;0.986866745;0.938377504
10-03-2017;Field 2;Kontroll;2;0.851867;68.827838;;0.940897229;0.967982311;
10-03-2017;Field 2;Kontroll;3;0.414550;50.275468;-0.729214;0.979195889;0.990535296;0.924923001
10-03-2017;Field 2;Kontroll;4;;55.667581;-0.564435;;0.997303816;0.986216648
10-03-2017;Field 2;Kontroll;5;;90.572101;;;0.989198388;
17-03-2017;Field 1;Vizura;1;6.870699;125.447108;;0.949598889;0.985565817;
17-03-2017;Field 1;Vizura;2;2.621152;84.052493;-0.716982;0.982302689;0.998338739;0.931360452
17-03-2017;Field 1;Vizura;3;;94.934625;;;0.99464188;
17-03-2017;Field 1;Vizura;4;4.666180;96.284374;;0.987261537;0.996741912;
17-03-2017;Field 1;Vizura;5;8.398103;66.054556;0.531369;0.902358243;0.990895243;0.030047282
17-03-2017;Field 2;Kontroll;1;;39.352126;3.269083;;0.993510787;0.979651822
17-03-2017;Field 2;Kontroll;2;-6.709615;29.618989;-2.934838;0.948608397;0.998120895;0.924867093
17-03-2017;Field 2;Kontroll;3;11.679109;39.461916;;0.982975775;0.990031935;
17-03-2017;Field 2;Kontroll;4;;67.509576;2.049397;;0.995029561;0.637169875
17-03-2017;Field 2;Kontroll;5;4.059215;70.478930;;0.999808778;0.997038649;
24-03-2017;Field 1;Vizura;1;22.987251;833.886470;;0.879476056;0.942016439;
24-03-2017;Field 1;Vizura;2;17.150227;;2.551048;0.885956469;;0.986842105
24-03-2017;Field 1;Vizura;3;9.501778;;-1.983331;0.847308181;;0.986675286
24-03-2017;Field 1;Vizura;4;9.258923;398.700578;4.429229;0.996258715;0.986422297;0.861633749
24-03-2017;Field 1;Vizura;5;22.750468;619.789567;;0.981892801;0.962348324;
24-03-2017;Field 2;Kontroll;1;22.100773;462.918023;-2.379150;0.986662913;0.944408128;0.912479089
24-03-2017;Field 2;Kontroll;2;21.626416;1251.470394;-3.673622;0.90802483;0.987652054;0.943434893
24-03-2017;Field 2;Kontroll;3;15.269247;569.963893;;0.989461619;0.96404894;
24-03-2017;Field 2;Kontroll;4;11.794475;305.274511;-0.609431;0.980949064;0.969599198;0.999429388
24-03-2017;Field 2;Kontroll;5;29.376457;1418.478701;;0.961200902;0.986215373;
31-03-2017;Field 1;Vizura;1;23.308294;738.399167;;0.989532258;0.998158455;
31-03-2017;Field 1;Vizura;2;18.593950;1264.055110;;0.903902856;0.999089685;
31-03-2017;Field 1;Vizura;3;15.917529;938.790834;-4.941760;0.992035541;0.995648346;0.983083851
31-03-2017;Field 1;Vizura;4;15.022882;1309.855845;-4.197468;0.995795951;0.999640788;0.97741483
31-03-2017;Field 1;Vizura;5;25.749024;916.885991;-5.543818;0.992738191;0.996644061;0.923625783
31-03-2017;Field 2;Kontroll;1;16.224482;450.106378;-5.276728;0.973981397;0.965920788;0.912512537
31-03-2017;Field 2;Kontroll;2;15.074007;428.445286;;0.999674646;0.98075775;
31-03-2017;Field 2;Kontroll;3;13.383793;769.603363;;0.976621125;0.99994777;
31-03-2017;Field 2;Kontroll;4;25.390530;1024.764661;-10.324216;0.967947091;0.995028024;0.940024876
31-03-2017;Field 2;Kontroll;5;32.605105;1216.862571;-11.549435;0.999730178;0.999426849;0.997362681
07-04-2017;Field 1;Vizura;1;61.508721;764.037355;-7.110080;0.993695205;0.992178549;0.97480933
07-04-2017;Field 1;Vizura;2;51.356196;451.807586;-6.780869;0.996234107;0.995140411;0.991188949
07-04-2017;Field 1;Vizura;3;11.657755;91.916576;;0.902269838;0.925243139;
07-04-2017;Field 1;Vizura;4;21.311696;328.378868;;0.967175353;0.957600144;
07-04-2017;Field 1;Vizura;5;49.950428;519.301758;-3.902657;0.999908893;0.999436167;0.986077813
07-04-2017;Field 2;Kontroll;1;26.549587;;;0.888346901;;
07-04-2017;Field 2;Kontroll;2;27.261374;;;0.853097109;;
07-04-2017;Field 2;Kontroll;3;15.758556;223.678948;-4.202195;0.893269545;0.862877882;0.956913534
07-04-2017;Field 2;Kontroll;4;22.493606;171.153901;-4.415258;0.986621912;0.987755225;0.953825017
07-04-2017;Field 2;Kontroll;5;26.604384;160.270078;-5.090483;0.975137426;0.924308439;0.992329758
14-04-2017;Field 1;Vizura;1;28.886608;103.190125;;0.973799384;0.988227179;
14-04-2017;Field 1;Vizura;2;37.794590;199.287153;-4.893180;0.984379611;0.991426314;0.994480211
14-04-2017;Field 1;Vizura;3;17.747148;89.028243;-7.949084;0.966611325;0.974448935;0.999880708
14-04-2017;Field 1;Vizura;4;23.469649;136.824786;-3.226320;0.987992696;0.979238407;0.999863941
14-04-2017;Field 1;Vizura;5;31.382877;138.844514;;0.987184584;0.995707172;
14-04-2017;Field 2;Kontroll;1;17.985225;;-5.499098;0.87308184;;0.996833871
14-04-2017;Field 2;Kontroll;2;21.123347;88.820866;;0.931402523;0.969148168;
14-04-2017;Field 2;Kontroll;3;19.706205;126.426908;;0.967386657;0.996340665;
14-04-2017;Field 2;Kontroll;4;26.810993;169.876203;-4.262051;0.996894443;0.999845138;0.97032733
14-04-2017;Field 2;Kontroll;5;42.032926;253.715437;-10.956277;0.991477629;0.999112619;0.990463254
21-04-2017;Field 1;Vizura;1;27.634186;53.202107;-4.563613;0.931185102;0.945174834;0.968053
21-04-2017;Field 1;Vizura;2;33.454559;49.756705;-4.437731;0.991300721;0.990628991;0.985904788
21-04-2017;Field 1;Vizura;3;;;;;;
21-04-2017;Field 1;Vizura;4;4.655661;10.391562;;0.908197712;0.994799933;
21-04-2017;Field 1;Vizura;5;18.409959;;-6.840196;0.902865136;;0.986842106
21-04-2017;Field 2;Kontroll;1;35.256079;68.633853;-7.937439;0.978190764;0.94301348;0.999065888
21-04-2017;Field 2;Kontroll;2;30.582989;78.811816;-7.388419;0.988621071;0.97833154;0.992550249
21-04-2017;Field 2;Kontroll;3;30.316943;78.310909;-7.870000;0.989568258;0.983526962;0.960609281
21-04-2017;Field 2;Kontroll;4;31.296758;45.240654;-6.839572;0.999723145;0.991330417;0.877778283
21-04-2017;Field 2;Kontroll;5;55.022959;63.036115;-10.306395;0.990308902;0.99041782;0.964046312
28-04-2017;Field 1;Vizura;1;63.757302;82.560056;-0.780057;0.97882609;0.965166681;0.946999848
28-04-2017;Field 1;Vizura;2;76.566220;117.676852;-7.736867;0.998951752;0.99772404;0.963373919
28-04-2017;Field 1;Vizura;3;24.441707;34.644356;-2.292126;0.964659007;0.970286563;0.951375289
28-04-2017;Field 1;Vizura;4;34.119480;116.946827;-3.141028;0.992114141;0.996408341;0.999145547
28-04-2017;Field 1;Vizura;5;76.133751;214.176112;-5.375005;0.995602838;0.99194536;0.999807267
28-04-2017;Field 2;Kontroll;1;15.777882;39.225817;-2.635043;0.809075396;0.988952954;0.989719808
28-04-2017;Field 2;Kontroll;2;15.559734;8.792566;;0.962810202;0.935649385;
28-04-2017;Field 2;Kontroll;3;17.795852;28.837810;-3.553061;0.962172265;0.978355623;0.813658166
28-04-2017;Field 2;Kontroll;4;22.916339;37.860283;;0.903699674;0.937636601;
28-04-2017;Field 2;Kontroll;5;53.406301;125.093474;-13.233635;0.984233936;0.99281977;0.927627505
06-05-2017;Field 1;Vizura;1;36.665969;11.585144;;0.838930508;0.99932831;
06-05-2017;Field 1;Vizura;2;51.189025;18.656304;;0.930404945;0.975539608;
06-05-2017;Field 1;Vizura;3;;;-2.027972;;;0.997921581
06-05-2017;Field 1;Vizura;4;;;2.364700;;;0.933468148
06-05-2017;Field 1;Vizura;5;86.273918;31.101049;-4.405836;0.987689804;0.986365448;0.995576764
06-05-2017;Field 2;Kontroll;1;13.790305;11.182335;-3.447546;0.902324144;0.998906901;0.993230124
06-05-2017;Field 2;Kontroll;2;29.408477;;-11.272149;0.949713058;;0.998289614
06-05-2017;Field 2;Kontroll;3;17.016830;19.008289;;0.962955589;0.997091125;
06-05-2017;Field 2;Kontroll;4;28.127030;15.203132;;0.97269256;0.977417503;
06-05-2017;Field 2;Kontroll;5;45.751082;17.279845;-10.380409;0.966009464;0.941838229;0.995577801
12-05-2017;Field 1;Vizura;1;23.521756;4.065613;-3.733377;0.939352349;0.999382234;0.975441078
12-05-2017;Field 1;Vizura;2;10.821295;;-1.194968;0.915423926;;0.982592387
12-05-2017;Field 1;Vizura;3;8.536484;7.050026;;0.977459903;0.987543463;
12-05-2017;Field 1;Vizura;4;;3.409983;-8.511212;;0.985296212;0.998621607
12-05-2017;Field 1;Vizura;5;44.155439;;;0.897192205;;
12-05-2017;Field 2;Kontroll;1;;8.217647;-8.444194;;0.965799059;0.963375836
12-05-2017;Field 2;Kontroll;2;9.515580;;;0.839738186;;
12-05-2017;Field 2;Kontroll;3;8.189770;;;0.987292368;;
12-05-2017;Field 2;Kontroll;4;42.299032;23.047361;-13.576804;0.923885569;0.968989503;0.963626502
12-05-2017;Field 2;Kontroll;5;21.626926;4.209485;-6.767428;0.874666658;0.985111125;0.951330554
19-05-2017;Field 1;Vizura;1;62.278454;;-5.724301;0.878523398;;0.961185567
19-05-2017;Field 1;Vizura;2;44.937630;;;0.882141341;;
19-05-2017;Field 1;Vizura;3;3.764519;-1.331341;;0.881495347;0.922165021;
19-05-2017;Field 1;Vizura;4;0.597370;1.588036;-2.471939;0.861548222;0.936352315;0.997932807
19-05-2017;Field 1;Vizura;5;40.353708;6.991245;-5.391496;0.829019776;0.978080926;0.966409172
19-05-2017;Field 2;Kontroll;1;10.152823;5.200224;0.685153;0.924869977;0.971000056;0.951665047
19-05-2017;Field 2;Kontroll;2;13.080599;4.420648;;0.862185654;0.947004146;
19-05-2017;Field 2;Kontroll;3;21.751221;8.820236;-5.461879;0.909785136;0.999405318;0.999502951
19-05-2017;Field 2;Kontroll;4;45.138751;;;0.94992436;;
19-05-2017;Field 2;Kontroll;5;;;-2.988427;;;0.890722798
26-05-2017;Field 1;Vizura;1;237.937410;;-5.005289;0.987390178;;0.983339505
26-05-2017;Field 1;Vizura;2;74.285772;-1.385826;;0.97580662;0.995627307;
26-05-2017;Field 1;Vizura;3;;;;;;
26-05-2017;Field 1;Vizura;4;23.347158;7.821990;-6.086705;0.832297569;0.999669606;0.993609091
26-05-2017;Field 1;Vizura;5;252.717928;17.424202;-12.585826;0.984387463;0.994608212;0.985227116
26-05-2017;Field 2;Kontroll;1;;3.214044;-4.753022;;0.955647329;0.821742342
26-05-2017;Field 2;Kontroll;2;59.455296;5.848474;-3.281345;0.968370849;0.999908382;0.994655181
26-05-2017;Field 2;Kontroll;3;82.351344;33.655105;-17.227220;0.976672601;0.989523814;0.992114864
26-05-2017;Field 2;Kontroll;4;242.038278;10.809418;-16.953276;0.99230736;0.986356012;0.996526688
26-05-2017;Field 2;Kontroll;5;233.893690;13.982698;-13.403749;0.975093247;0.988164863;0.989461027
02-06-2017;Field 1;Vizura;1;56.083810;-9.336984;-3.203634;0.94255808;0.907843149;0.899454972
02-06-2017;Field 1;Vizura;2;23.405231;;-4.986929;0.835636563;;0.984641498
02-06-2017;Field 1;Vizura;3;;1.371043;-7.332052;;0.978906397;0.979819425
02-06-2017;Field 1;Vizura;4;5.368967;;-3.449013;0.999998486;;0.989227844
02-06-2017;Field 1;Vizura;5;63.113597;2.751905;;0.970452552;0.974902913;
02-06-2017;Field 2;Kontroll;1;30.000349;;;0.820109213;;
02-06-2017;Field 2;Kontroll;2;30.163340;0.960669;;0.948351458;0.944839265;
02-06-2017;Field 2;Kontroll;3;26.772767;;-7.421292;0.971988465;;0.99472952
02-06-2017;Field 2;Kontroll;4;85.188404;1.379959;-7.125187;0.965553531;0.999072077;0.631669155
02-06-2017;Field 2;Kontroll;5;68.930929;5.868174;-9.545150;0.905933316;0.999517996;0.971504247
09-06-2017;Field 1;Vizura;1;318.277397;33.904770;;0.997128548;0.996537074;
09-06-2017;Field 1;Vizura;2;234.775044;21.710484;-14.561457;0.999124077;0.994748732;0.987163726
09-06-2017;Field 1;Vizura;3;54.644147;42.091209;-5.588214;0.996886593;0.993781959;0.93337088
09-06-2017;Field 1;Vizura;4;79.153110;190.325137;-6.574205;0.999990324;0.999530493;0.994920227
09-06-2017;Field 1;Vizura;5;216.796704;41.558538;;0.997684833;0.990622122;
09-06-2017;Field 2;Kontroll;1;181.611312;23.099404;;0.995960225;0.974178376;
09-06-2017;Field 2;Kontroll;2;130.818853;29.708336;-7.637697;0.992243627;0.997281238;0.970938601
09-06-2017;Field 2;Kontroll;3;86.701004;60.301983;-5.824055;0.995437651;0.999268818;0.959584673
09-06-2017;Field 2;Kontroll;4;237.570708;27.266914;-8.389962;0.999591338;0.99946739;0.996181989
09-06-2017;Field 2;Kontroll;5;203.597561;18.503582;-8.800552;0.998342113;0.991752591;0.91161754
21-06-2017;Field 1;Vizura;1;294.545187;6.505314;-16.263636;0.993318029;0.995900658;0.975308041
21-06-2017;Field 1;Vizura;2;46.784690;;-7.686470;0.987515845;;0.994932952
21-06-2017;Field 1;Vizura;3;87.718480;11.977601;2.565745;0.997981644;0.938856831;0.971068503
21-06-2017;Field 1;Vizura;4;203.770320;7.458256;;0.99851997;0.963519488;
21-06-2017;Field 1;Vizura;5;334.494122;;;0.997608598;;
21-06-2017;Field 2;Kontroll;1;211.986113;10.330530;-17.737532;0.970685272;0.923443641;0.950789189
21-06-2017;Field 2;Kontroll;2;159.506769;17.382618;-7.429748;0.997143928;0.974143132;0.918479678
21-06-2017;Field 2;Kontroll;3;370.335751;40.809537;;0.987636702;0.97575861;
21-06-2017;Field 2;Kontroll;4;227.350982;10.735367;;0.981638956;0.999733698;
21-06-2017;Field 2;Kontroll;5;327.210827;24.912752;-15.328330;0.999735738;0.996319034;0.987018444
27-06-2017;Field 1;Vizura;1;470.038849;9.493379;-12.823843;0.99453209;0.972628011;0.988006125
27-06-2017;Field 1;Vizura;2;77.973944;19.355762;-4.581512;0.997231039;0.964666447;0.998733919
27-06-2017;Field 1;Vizura;3;141.569044;32.106139;;0.998823;0.995396655;
27-06-2017;Field 1;Vizura;4;357.646618;44.614635;-11.208030;0.999459823;0.997482188;0.90363462
27-06-2017;Field 1;Vizura;5;455.503748;27.729079;;0.979756421;0.966562267;
27-06-2017;Field 2;Kontroll;1;348.415243;24.649156;-12.332434;0.999663487;0.98218278;0.906813372
27-06-2017;Field 2;Kontroll;2;104.735497;9.477364;;0.987781066;0.992827136;
27-06-2017;Field 2;Kontroll;3;459.200485;64.453338;-10.446505;0.995449293;0.995755221;0.94952076
27-06-2017;Field 2;Kontroll;4;329.120723;45.245530;;0.91846673;0.961339144;
27-06-2017;Field 2;Kontroll;5;322.056781;37.756741;-11.120976;0.997792869;0.991761873;0.973904028
07-07-2017;Field 1;Vizura;1;456.893717;45.996110;-7.025048;0.995438665;0.917419628;0.978119359
07-07-2017;Field 1;Vizura;2;95.236632;18.661197;-4.901838;0.996632399;0.980407933;0.969361656
07-07-2017;Field 1;Vizura;3;200.569762;56.629341;-10.627399;0.999366147;0.993220039;0.982690025
07-07-2017;Field 1;Vizura;4;388.534472;44.783364;-14.576385;0.998601913;0.984443907;0.911437527
07-07-2017;Field 1;Vizura;5;645.196596;17.815610;-2.251045;0.999752938;0.909727711;0.999608987
07-07-2017;Field 2;Kontroll;1;446.629967;24.727588;-6.224445;0.999314919;0.96549947;0.996362715
07-07-2017;Field 2;Kontroll;2;192.190191;30.731286;;0.970091354;0.975597169;
07-07-2017;Field 2;Kontroll;3;500.494554;25.711256;-19.049218;0.998530818;0.949865937;0.996033273
07-07-2017;Field 2;Kontroll;4;488.304224;34.356330;-7.560869;0.999558153;0.996302397;0.991629346
07-07-2017;Field 2;Kontroll;5;515.360341;83.129336;;0.99796267;0.958462523;
12-07-2017;Field 1;Vizura;1;421.451538;16.602299;;0.998564922;0.966674887;
12-07-2017;Field 1;Vizura;2;149.907627;29.313125;-3.441545;0.996333706;0.970464747;0.999716219
12-07-2017;Field 1;Vizura;3;;;22.880218;;;0.99509977
12-07-2017;Field 1;Vizura;4;385.942355;26.913073;;0.99839999;0.996569753;
12-07-2017;Field 1;Vizura;5;590.950072;;-8.199610;0.999045963;;0.991775009
12-07-2017;Field 2;Kontroll;1;373.878586;;-10.096650;0.989426632;;0.993333904
12-07-2017;Field 2;Kontroll;2;285.651636;15.919555;-7.197837;0.997328771;0.999745308;0.908705597
12-07-2017;Field 2;Kontroll;3;409.620481;36.282358;-10.988691;0.999587121;0.979878365;0.977907214
12-07-2017;Field 2;Kontroll;4;401.875056;55.879603;;0.999684783;0.954145572;
12-07-2017;Field 2;Kontroll;5;365.538235;40.886767;;0.988348283;0.984625359;
02-08-2017;Field 1;Vizura;1;482.438636;;-11.460999;0.957861243;;0.936104356
02-08-2017;Field 1;Vizura;2;270.499718;4.348909;;0.999949168;0.718859616;
02-08-2017;Field 1;Vizura;3;409.045790;16.058397;-23.528046;0.942620783;0.921011818;0.983521029
02-08-2017;Field 1;Vizura;4;412.121524;30.653647;-17.823866;0.998623816;0.978293368;0.943979926
02-08-2017;Field 1;Vizura;5;255.245792;25.114755;-13.713908;0.839890952;0.963725709;0.969795133
02-08-2017;Field 2;Kontroll;1;345.137613;-1.851345;-3.501198;0.997845152;0.950736548;0.997875982
02-08-2017;Field 2;Kontroll;2;423.609568;-1.708151;-32.160710;0.999971078;0.988090515;0.898723521
02-08-2017;Field 2;Kontroll;3;293.023631;5.386671;-7.276664;0.998761939;0.436714227;0.966194437
02-08-2017;Field 2;Kontroll;4;399.360221;-3.399549;12.516948;0.997601903;0.980263941;0.985544962
02-08-2017;Field 2;Kontroll;5;;;;;;
09-08-2017;Field 1;Vizura;1;337.330636;49.234033;-4.657763;0.999972183;0.988462631;0.931707381
09-08-2017;Field 1;Vizura;2;230.895337;4.281080;-18.157130;0.999425175;0.889485842;0.959263263
09-08-2017;Field 1;Vizura;3;438.871015;126.978998;;0.999090933;0.99305227;
09-08-2017;Field 1;Vizura;4;217.774997;73.766821;;0.913835049;0.977291562;
09-08-2017;Field 1;Vizura;5;416.410154;131.772059;-3.840967;0.998563316;0.998438061;0.986624803
09-08-2017;Field 2;Kontroll;1;331.476058;83.672892;-2.192507;0.991474578;0.97227921;0.938063032
09-08-2017;Field 2;Kontroll;2;345.881334;46.540387;-0.800475;0.993386253;0.99681167;0.999496315
09-08-2017;Field 2;Kontroll;3;445.123056;103.663818;;0.999897306;0.996607114;
09-08-2017;Field 2;Kontroll;4;333.872136;116.525200;-4.759005;0.998938915;0.995271064;0.93060863
09-08-2017;Field 2;Kontroll;5;506.362932;34.433986;-5.229533;0.994416434;0.9915934;0.947319539
14-08-2017;Field 1;Vizura;1;215.398157;40.721854;;0.985896553;0.97681377;
14-08-2017;Field 1;Vizura;2;208.826374;12.882485;-6.248954;0.999993555;0.842300342;0.999528459
14-08-2017;Field 1;Vizura;3;384.513491;169.294148;7.907221;0.998957873;0.986748789;0.990437156
14-08-2017;Field 1;Vizura;4;246.098780;77.220140;-10.503809;0.996080904;0.99152058;0.921682685
14-08-2017;Field 1;Vizura;5;405.803187;149.623045;3.982560;0.996222227;0.998927877;0.948154824
14-08-2017;Field 2;Kontroll;1;244.249376;75.193954;;0.987906332;0.96638154;
14-08-2017;Field 2;Kontroll;2;222.273980;39.503703;;0.955668688;0.978168283;
14-08-2017;Field 2;Kontroll;3;279.440257;47.883215;-14.755817;0.999554359;0.97966722;0.990206786
14-08-2017;Field 2;Kontroll;4;267.849989;99.885345;-7.029270;0.99972451;0.998324177;0.991406874
14-08-2017;Field 2;Kontroll;5;406.461740;17.051932;-10.866129;0.997478487;0.996415301;0.999808682
;;;;;;;;;
;;;;;;;;;
;;;;;;;;;
;;;;;;;;;
